INSERT INTO "teachers"
("teacher_id", "email", "password_hash", "full_name", "registration_date", "status")
VALUES (1, 'kakashi@konoha.com', 'hash1', 'Kakashi Hatake', '2025-01-01', 'active'),
       (2, 'ginpachi@sorachi.jp', 'hash2', 'Gintoki Sakata', '2025-01-02', 'inactive'),
       (3, 'uzui@demon.jp', 'hash3', 'Tengen Uzui', '2025-01-03', 'active'),
       (4, 'kisuke@bleach.jp', 'hash4', 'Kisuke Urahara', '2025-01-04', 'active'),
       (5, 'maes@amestris.mil', 'hash5', 'Maes Hughes', '2025-01-05', 'active'),
       (6, 'gojo@jujutsu.jp', 'hash6', 'Satoru Gojo', '2025-01-06', 'blocked'),
       (7, 'allmight@hero.ac', 'hash7', 'Toshinori Yagi', '2025-01-07', 'active'),
       (8, 'levi@survey.jp', 'hash8', 'Levi Ackerman', '2025-01-08', 'active'),
       (9, 'light@yagami.jp', 'hash9', 'Light Yagami', '2025-01-09', 'blocked'),
       (10, 'erwin@survey.jp', 'hash10', 'Erwin Smith', '2025-01-10', 'active'),
       (11, 'itachi@akatsuki.jp', 'hash11', 'Itachi Uchiha', '2025-01-11', 'blocked'),
       (12, 'sanji@baratie.com', 'hash12', 'Vinsmoke Sanji', '2025-01-12', 'active'),
       (13, 'reigen@spirits.com', 'hash13', 'Reigen Arataka', '2025-01-13', 'active'),
       (14, 'akeno@DxD.jp', 'hash14', 'Akeno Himejima', '2025-01-14', 'active'),
       (15, 'shota@hero.ac', 'hash15', 'Shota Aizawa', '2025-01-15', 'inactive'),
       (16, 'genkai@reikai.jp', 'hash16', 'Genkai', '2025-07-01', 'active'),
       (17, 'miruko@hero.ac', 'hash17', 'Rumi Usagiyama', '2025-07-02', 'inactive'),
       (18, 'armin@survey.jp', 'hash18', 'Armin Arlert', '2025-07-03', 'active'),
       (19, 'shanks@yonko.org', 'hash19', 'Red-Haired Shanks', '2025-07-04', 'blocked'),
       (20, 'escanor@liones.jp', 'hash20', 'Escanor LionSin', '2025-07-05', 'active'),
       (21, 'tama@miracle.jp', 'hash21', 'Tama (Fate)', '2025-07-06', 'active'),
       (22, 'sakura@konoha.com', 'hash22', 'Sakura Haruno', '2025-07-07', 'inactive'),
       (23, 'vegeta@saiyan.jp', 'hash23', 'Vegeta Prince', '2025-07-08', 'blocked'),
       (24, 'killua@hunter.net', 'hash24', 'Killua Zoldyck', '2025-07-09', 'active'),
       (25, 'erza@fairytail.jp', 'hash25', 'Erza Scarlet', '2025-07-10', 'active'),
       (26, 'hikigaya@sobu.jp', 'hash26', 'Hachiman Hikigaya', '2025-07-11', 'active'),
       (27, 'akeno2@DxD.jp', 'hash27', 'Akeno Himejima-2', '2025-07-12', 'inactive'),
       (28, 'megumin@explosion.jp', 'hash28', 'Megumin', '2025-07-13', 'blocked'),
       (29, 'ralph@disney.com', 'hash29', 'Wreck-it Ralph???', '2025-07-14', 'active'),
       (30, 'haruhi@brigade.org', 'hash30', 'Haruhi Suzumiya', '2025-07-15', 'active');

INSERT INTO "students"
("student_id", "email", "password_hash", "full_name", "registration_date", "status")
VALUES (1, 'naruto@konoha.com', 'pass1', 'Naruto Uzumaki', '2025-02-01', 'active'),
       (2, 'luffy@eastblue.com', 'pass2', 'Monkey D. Luffy', '2025-02-02', 'active'),
       (3, 'tanjiro@slayer.jp', 'pass3', 'Tanjiro Kamado', '2025-02-03', 'inactive'),
       (4, 'ichigo@karakura.jp', 'pass4', 'Ichigo Kurosaki', '2025-02-04', 'active'),
       (5, 'edward@elric.mil', 'pass5', 'Edward Elric', '2025-02-05', 'active'),
       (6, 'gon@hunter.net', 'pass6', 'Gon Freecss', '2025-02-06', 'active'),
       (7, 'midoriya@hero.ac', 'pass7', 'Izuku Midoriya', '2025-02-07', 'blocked'),
       (8, 'eren@survey.jp', 'pass8', 'Eren Yeager', '2025-02-08', 'active'),
       (9, 'nagisa@assassination.jp', 'pass9', 'Nagisa Shiota', '2025-02-09', 'active'),
       (10, 'meliodas@brittania.jp', 'pass10', 'Meliodas DragonSin', '2025-02-10', 'inactive'),
       (11, 'kurapika@hunter.net', 'pass11', 'Kurapika', '2025-02-11', 'active'),
       (12, 'sasuke@uchiha.jp', 'pass12', 'Sasuke Uchiha', '2025-02-12', 'blocked'),
       (13, 'senku@stone.jp', 'pass13', 'Senku Ishigami', '2025-02-13', 'active'),
       (14, 'kaneki@ghoul.jp', 'pass14', 'Ken Kaneki', '2025-02-14', 'active'),
       (15, 'anzu@duel.jp', 'pass15', 'Anzu Mazaki', '2025-02-15', 'active'),
       (16, 'saitama@onepunch.jp', 'pass16', 'Saitama CapedBaldy', '2025-03-01', 'active'),
       (17, 'genos@onepunch.jp', 'pass17', 'Genos Cyborg', '2025-03-02', 'inactive'),
       (18, 'nobita@doraemon.jp', 'pass18', 'Nobita Nobi', '2025-03-03', 'active'),
       (19, 'dora@doraemon.jp', 'pass19', 'Doraemon', '2025-03-04', 'blocked'),
       (20, 'ash@pokemon.jp', 'pass20', 'Ash Ketchum', '2025-03-05', 'active'),
       (21, 'misty@pokemon.jp', 'pass21', 'Misty Waterflower', '2025-03-06', 'active'),
       (22, 'bokuto@nekoma.jp', 'pass22', 'Kotaro Bokuto', '2025-03-07', 'active'),
       (23, 'kageyama@karasuno.jp', 'pass23', 'Tobio Kageyama', '2025-03-08', 'active'),
       (24, 'astolfo@fate.jp', 'pass24', 'Rider of Black', '2025-03-09', 'inactive'),
       (25, 'emilico@shadows.jp', 'pass25', 'Emilico', '2025-03-10', 'active'),
       (26, 'anya@forger.com', 'pass26', 'Anya Forger', '2025-03-11', 'blocked'),
       (27, 'shinchan@kasukabe.jp', 'pass27', 'Shinnosuke Nohara', '2025-03-12', 'active'),
       (28, 'hinata@karasuno.jp', 'pass28', 'Shoyo Hinata', '2025-03-13', 'active'),
       (29, 'nagatoro@tease.jp', 'pass29', 'Hayase Nagatoro', '2025-03-14', 'active'),
       (30, 'yor@forger.com', 'pass30', 'Yor Forger', '2025-03-15', 'inactive');

INSERT INTO "courses"
("course_sk", "course_id", "teacher_id", "title", "description", "valid_from", "valid_to", "status")
VALUES (1, 101, 1, 'Ninjutsu Basics', 'Version 1 - Taught by Kakashi Hatake', '2025-03-01', '2025-06-01', 'active'),
       (2, 101, 1, 'Ninjutsu Basics', 'Version 2 - Some update by Kakashi', '2025-06-02', '2025-09-01', 'active'),
       (3, 101, 1, 'Ninjutsu Basics', 'Version 3 - More changes', '2025-09-02', '9999-12-31', 'active'),
       (4, 101, 1, 'Ninjutsu Basics', 'Archived ver A', '2025-01-01', '2025-01-15', 'archived'),
       (5, 101, 1, 'Ninjutsu Basics', 'Archived ver B', '2025-01-16', '2025-02-15', 'archived'),
       (6, 101, 1, 'Ninjutsu Basics', 'Draft version', '2025-02-16', '2025-02-28', 'draft'),

       (7, 102, 8, 'Samurai Philosophy', 'Levi teaching discipline', '2025-01-01', '2025-04-01', 'active'),
       (8, 102, 8, 'Samurai Philosophy', 'Ver2 - Levi changes approach', '2025-04-02', '2025-07-01', 'active'),
       (9, 102, 8, 'Samurai Philosophy', 'Ver3 - Ongoing => active', '2025-07-02', '9999-12-31', 'active'),
       (10, 102, 8, 'Samurai Philosophy', 'Archived ver A', '2025-01-01', '2025-01-05', 'archived'),
       (11, 102, 8, 'Samurai Philosophy', 'Archived ver B', '2025-01-06', '2025-01-20', 'archived'),
       (12, 102, 8, 'Samurai Philosophy', 'Draft ver', '2025-01-21', '2025-01-31', 'draft'),

       (13, 103, 5, 'Alchemy 101', 'Maes Hughes version 1', '2025-04-01', '2025-06-01', 'active'),
       (14, 103, 5, 'Alchemy 101', 'Maes version 2', '2025-06-02', '2025-08-01', 'active'),
       (15, 103, 5, 'Alchemy 101', 'Maes version 3', '2025-08-02', '9999-12-31', 'active'),
       (16, 103, 5, 'Alchemy 101', 'Archived ver A', '2025-01-01', '2025-01-31', 'archived'),
       (17, 103, 5, 'Alchemy 101', 'Archived ver B', '2025-02-01', '2025-02-28', 'archived'),
       (18, 103, 5, 'Alchemy 101', 'Draft ver', '2025-03-01', '2025-03-31', 'draft'),

       (19, 104, 7, 'Hero Fundamental', 'All Might ver1', '2025-01-01', '2025-04-01', 'active'),
       (20, 104, 7, 'Hero Fundamental', 'All Might ver2', '2025-04-02', '2025-07-01', 'active'),
       (21, 104, 7, 'Hero Fundamental', 'All Might ver3', '2025-07-02', '9999-12-31', 'active'),
       (22, 104, 7, 'Hero Fundamental', 'Archived ver A', '2025-01-01', '2025-01-10', 'archived'),
       (23, 104, 7, 'Hero Fundamental', 'Archived ver B', '2025-01-11', '2025-01-20', 'archived'),
       (24, 104, 7, 'Hero Fundamental', 'Draft ver', '2025-01-21', '2025-01-31', 'draft'),

       (25, 105, 13, 'Exorcism & Spirits', 'Reigen ver1', '2025-01-01', '2025-03-01', 'active'),
       (26, 105, 13, 'Exorcism & Spirits', 'Reigen ver2', '2025-03-02', '2025-05-01', 'active'),
       (27, 105, 13, 'Exorcism & Spirits', 'Reigen ver3', '2025-05-02', '9999-12-31', 'active'),
       (28, 105, 13, 'Exorcism & Spirits', 'Archived ver A', '2025-01-01', '2025-01-05', 'archived'),
       (29, 105, 13, 'Exorcism & Spirits', 'Archived ver B', '2025-01-06', '2025-01-15', 'archived'),
       (30, 105, 13, 'Exorcism & Spirits', 'Draft ver', '2025-01-16', '2025-01-31', 'draft'),

       (31, 106, 16, 'Spirit Orb Training', 'Genkai teaches advanced spirit wave', '2025-08-01', '2025-10-01',
        'active'),
       (32, 106, 16, 'Spirit Orb Training', 'Version 2 - Another approach', '2025-10-02', '9999-12-31', 'active'),
       (33, 106, 16, 'Spirit Orb Training', 'Archived ver A', '2025-04-01', '2025-04-15', 'archived'),
       (34, 106, 16, 'Spirit Orb Training', 'Archived ver B', '2025-04-16', '2025-04-30', 'archived'),
       (35, 106, 16, 'Spirit Orb Training', 'Archived ver C', '2025-05-01', '2025-05-31', 'archived'),
       (36, 106, 16, 'Spirit Orb Training', 'Draft ver', '2025-06-01', '2025-06-30', 'draft'),

       (37, 107, 19, 'Swordsmanship 201', 'Shanks advanced sword style', '2025-08-01', '2025-09-01', 'active'),
       (38, 107, 19, 'Swordsmanship 201', 'Shanks ver2', '2025-09-02', '9999-12-31', 'active'),
       (39, 107, 19, 'Swordsmanship 201', 'Archived ver A', '2025-04-01', '2025-04-15', 'archived'),
       (40, 107, 19, 'Swordsmanship 201', 'Archived ver B', '2025-04-16', '2025-04-30', 'archived'),
       (41, 107, 19, 'Swordsmanship 201', 'Archived ver C', '2025-05-01', '2025-05-31', 'archived'),
       (42, 107, 19, 'Swordsmanship 201', 'Draft ver', '2025-06-01', '2025-06-30', 'draft'),

       (43, 108, 21, 'Cooking Magic', 'Tama conjures mystic meals', '2025-08-01', '2025-09-01', 'active'),
       (44, 108, 21, 'Cooking Magic', 'Ver2 - Summon bigger feasts', '2025-09-02', '9999-12-31', 'active'),
       (45, 108, 21, 'Cooking Magic', 'Archived A', '2025-04-01', '2025-04-15', 'archived'),
       (46, 108, 21, 'Cooking Magic', 'Archived B', '2025-04-16', '2025-04-30', 'archived'),
       (47, 108, 21, 'Cooking Magic', 'Archived C', '2025-05-01', '2025-05-31', 'archived'),
       (48, 108, 21, 'Cooking Magic', 'Draft ver', '2025-06-01', '2025-06-30', 'draft'),

       (49, 109, 23, 'Saiyan Combat', 'Vegeta advanced warrior course', '2025-08-01', '2025-10-01', 'active'),
       (50, 109, 23, 'Saiyan Combat', 'Ver2 - Evolved training', '2025-10-02', '9999-12-31', 'active'),
       (51, 109, 23, 'Saiyan Combat', 'Archived A', '2025-03-01', '2025-03-10', 'archived'),
       (52, 109, 23, 'Saiyan Combat', 'Archived B', '2025-03-11', '2025-03-20', 'archived'),
       (53, 109, 23, 'Saiyan Combat', 'Archived C', '2025-03-21', '2025-04-01', 'archived'),
       (54, 109, 23, 'Saiyan Combat', 'Draft ver', '2025-05-01', '2025-05-31', 'draft'),

       (55, 110, 29, 'Reality Warping', 'Haruhi manipulates reality', '2025-08-01', '2025-09-01', 'active'),
       (56, 110, 29, 'Reality Warping', 'Ver2 - bigger chaos', '2025-09-02', '9999-12-31', 'active'),
       (57, 110, 29, 'Reality Warping', 'Archived A', '2025-04-01', '2025-04-15', 'archived'),
       (58, 110, 29, 'Reality Warping', 'Archived B', '2025-04-16', '2025-04-30', 'archived'),
       (59, 110, 29, 'Reality Warping', 'Archived C', '2025-05-01', '2025-05-31', 'archived'),
       (60, 110, 29, 'Reality Warping', 'Draft ver', '2025-06-01', '2025-06-30', 'draft'),
       (61, 111, 6, 'Course of laziness', 'Draft ofc', '2025-06-01', '9999-12-31', 'draft');

INSERT INTO "enrollments"
("enrollment_id", "course_sk", "student_id", "enrollment_date", "status")
VALUES (1, 1, 1, '2025-05-10', 'active'),
       (2, 1, 2, '2025-05-11', 'active'),
       (3, 2, 2, '2025-05-11', 'active'),
       (4, 3, 5, '2025-05-12', 'active'),
       (5, 3, 7, '2025-05-12', 'active'),
       (6, 4, 7, '2025-05-13', 'completed'),
       (7, 5, 8, '2025-05-14', 'active'),
       (8, 6, 9, '2025-05-15', 'active'),
       (9, 7, 9, '2025-05-16', 'active'),
       (10, 8, 10, '2025-05-17', 'active'),
       (11, 9, 10, '2025-05-18', 'active'),
       (12, 10, 11, '2025-05-19', 'completed'),
       (13, 11, 12, '2025-05-20', 'active'),
       (14, 12, 12, '2025-05-21', 'completed'),
       (15, 13, 3, '2025-05-22', 'active'),
       (16, 14, 4, '2025-05-23', 'active'),
       (17, 15, 6, '2025-05-24', 'active'),
       (18, 16, 13, '2025-05-25', 'active'),
       (19, 17, 1, '2025-05-26', 'completed'),
       (20, 18, 2, '2025-05-27', 'active'),
       (21, 19, 3, '2025-05-28', 'active'),
       (22, 20, 5, '2025-05-29', 'active'),
       (23, 21, 8, '2025-05-30', 'completed'),
       (24, 22, 9, '2025-05-31', 'active'),
       (25, 23, 14, '2025-06-01', 'active'),
       (26, 24, 15, '2025-06-02', 'active'),
       (27, 25, 15, '2025-06-03', 'active'),
       (28, 26, 10, '2025-06-04', 'active'),
       (29, 27, 11, '2025-06-05', 'completed'),
       (30, 30, 14, '2025-06-06', 'active'),
       (31, 31, 16, '2025-07-10', 'active'),
       (32, 31, 17, '2025-07-11', 'active'),
       (33, 32, 18, '2025-07-12', 'completed'),
       (34, 33, 19, '2025-07-13', 'active'),
       (35, 34, 20, '2025-07-14', 'active'),
       (36, 35, 21, '2025-07-15', 'active'),
       (37, 36, 22, '2025-07-16', 'completed'),
       (38, 37, 23, '2025-07-17', 'active'),
       (39, 38, 24, '2025-07-18', 'active'),
       (40, 39, 25, '2025-07-19', 'completed'),
       (41, 40, 26, '2025-07-20', 'active'),
       (42, 41, 27, '2025-07-21', 'completed'),
       (43, 42, 28, '2025-07-22', 'active'),
       (44, 43, 29, '2025-07-23', 'active'),
       (45, 44, 30, '2025-07-24', 'active'),
       (46, 45, 16, '2025-07-25', 'active'),
       (47, 46, 17, '2025-07-26', 'active'),
       (48, 47, 18, '2025-07-27', 'completed'),
       (49, 48, 19, '2025-07-28', 'active'),
       (50, 49, 20, '2025-07-29', 'active'),
       (51, 50, 21, '2025-07-30', 'active'),
       (52, 51, 22, '2025-07-31', 'completed'),
       (53, 52, 23, '2025-08-01', 'active'),
       (54, 53, 24, '2025-08-02', 'active'),
       (55, 54, 25, '2025-08-03', 'active'),
       (56, 55, 26, '2025-08-04', 'active'),
       (57, 56, 27, '2025-08-05', 'completed'),
       (58, 57, 28, '2025-08-06', 'active'),
       (59, 58, 29, '2025-08-07', 'active'),
       (60, 60, 30, '2025-08-08', 'active');

INSERT INTO "grades"
    ("grade_id", "enrollment_id", "grade_value", "grade_date", "comments")
VALUES (1, 1, 90, '2025-05-20', 'Excellent performance'),
       (2, 2, 70, '2025-05-21', 'Average'),
       (3, 3, 100, '2025-05-21', 'Perfect!'),
       (4, 4, 60, '2025-05-22', 'Needs improvement'),
       (5, 5, 80, '2025-05-23', 'Good job'),
       (6, 6, 75, '2025-05-24', 'Decent results'),
       (7, 7, 85, '2025-05-25', 'Well done'),
       (8, 8, 50, '2025-05-26', 'Below average'),
       (9, 9, 95, '2025-05-27', 'Impressive'),
       (10, 10, 65, '2025-05-28', 'Can do better'),
       (11, 11, 77, '2025-05-29', 'Reasonable'),
       (12, 12, 40, '2025-05-30', 'Stopped halfway'),
       (13, 13, 88, '2025-05-31', 'Solid understanding'),
       (14, 14, 92, '2025-06-01', 'Great!'),
       (15, 15, 100, '2025-06-02', 'Perfect Score'),
       (16, 31, 88, '2025-07-15', 'Spirit mastery good'),
       (17, 32, 70, '2025-07-16', 'Basic attempt'),
       (18, 33, 95, '2025-07-17', 'Completed quickly'),
       (19, 34, 55, '2025-07-18', 'Needs improvement'),
       (20, 35, 66, '2025-07-19', 'Ok performance'),
       (21, 36, 99, '2025-07-20', 'Outstanding'),
       (22, 37, 40, '2025-07-21', 'Barely passed'),
       (23, 38, 78, '2025-07-22', 'Decent job'),
       (24, 39, 85, '2025-07-23', 'Looks good'),
       (25, 40, 74, '2025-07-24', 'Nice effort'),
       (26, 41, 67, '2025-07-25', 'Some potential'),
       (27, 42, 90, '2025-07-26', 'Impressive skill'),
       (28, 43, 62, '2025-07-27', 'Average'),
       (29, 44, 81, '2025-07-28', 'Above average'),
       (30, 45, 100, '2025-07-29', 'Perfect wow');

INSERT INTO "lessons"
    ("lesson_id", "course_sk", "title", "content", "order_index")
VALUES (1, 1, 'Introduction to Hand Seals', 'Basic seals content', 1),
       (2, 1, 'Chakra Control Basics', 'Focus on chakra flow', 2),
       (3, 2, 'Advanced Seals', 'Detailed approach', 1),
       (4, 7, 'Samurai Code Overview', 'Bushido essentials', 1),
       (5, 7, 'Blade Maintenance', 'How to keep blade sharp', 2),
       (6, 13, 'Basic Alchemy Laws', 'Equivalent Exchange 101', 1),
       (7, 14, 'Military Connections', 'Maes tips on info gather', 2),
       (8, 19, 'Hero History', 'Symbol of Peace background', 1),
       (9, 20, 'Rescue Techniques', 'All Might methods', 2),
       (10, 25, 'Spirits Introduction', 'Reigen style exorcism', 1),
       (11, 26, 'Exorcism Tools', 'Salt, comedic approach', 2),
       (12, 3, 'Ninjutsu Drills', 'Reinforce fundamentals', 2),
       (13, 9, 'Philosophy in War', 'Levi advanced topics', 2),
       (14, 15, 'State Alchemist Title', 'How to apply', 3),
       (15, 27, 'Ghouls Extermination', 'Reigen? maybe not', 1),
       (16, 31, 'SpiritBasics', 'Focus your reiki', 1),
       (17, 31, 'Combos & Waves', 'Advanced reiki waves', 2),
       (18, 37, 'Blade Focus', 'Mindful sword stance', 1),
       (19, 38, 'Slash Patterns', 'Various slash combos', 1),
       (20, 43, 'Mystic Ingredients', 'Intro to magical cooking', 1),
       (21, 44, 'Summon Feast', 'Summon bigger meal', 2),
       (22, 49, 'Saiyan Intro', 'Vegeta posture training', 1),
       (23, 50, 'Gravity Chamber', 'Intense environment', 2),
       (24, 55, 'Reality Concept', 'Haruhi phenomenon', 1),
       (25, 56, 'World Bending', 'Chaos expansions', 2),
       (26, 57, 'Archived Lesson?', 'Just for archive', 3),
       (27, 58, 'Moar Archives', 'Weird older info', 4),
       (28, 59, 'Another Archive', 'Even older data', 5),
       (29, 60, 'Draft Lesson', 'Not final yet', 1),
       (30, 60, 'Draft Lesson2', 'Also not final', 2);


INSERT INTO "assignments"
("assignment_id", "lesson_id", "title", "description", "due_date", "max_score")
VALUES (1, 1, 'Hand Seal Practice', 'Demonstrate 5 basic seals', '2025-06-10', 100),
       (2, 1, 'Chakra Flow Essay', 'Explain how chakra moves', '2025-06-11', 100),
       (3, 2, 'Complex Seal Example', 'Create new advanced seal', '2025-06-12', 100),
       (4, 4, 'Bushido Reflection', 'Write about discipline', '2025-06-10', 50),
       (5, 5, 'Blade Polishing Demo', 'Show skill in polishing', '2025-06-11', 75),
       (6, 6, 'Transmutation Circle', 'Draw correct circle', '2025-06-12', 100),
       (7, 7, 'Intel Gathering', 'Collect info scenario', '2025-06-13', 80),
       (8, 8, 'Hero Persona Project', 'Design a hero persona', '2025-06-14', 100),
       (9, 9, 'Rescue Simulation', 'Simulate rescue mission', '2025-06-15', 100),
       (10, 10, 'Spirit Negotiation', 'Reigen style talk', '2025-06-16', 60),
       (11, 11, 'Tools Demo', 'Use salt effectively', '2025-06-17', 60),
       (12, 12, 'Shadow Clone Variation', 'Demonstrate clone skill', '2025-06-18', 100),
       (13, 13, 'Philosophical Essay', 'Reflect on war & humanity', '2025-06-19', 100),
       (14, 14, 'Alchemist Paper', 'Research state alchemist', '2025-06-20', 90),
       (15, 15, 'Clean Exorcism', 'Eliminate ghouls??', '2025-06-21', 100),
       (16, 16, 'Reiki Control', 'Demonstrate spirit wave', '2025-08-10', 100),
       (17, 17, 'Reiki Combo', 'Perform advanced wave combos', '2025-08-11', 100),
       (18, 18, 'Blade Mindfulness', 'Describe stance benefits', '2025-08-12', 50),
       (19, 19, 'Slash Patterns Demo', 'Show slash combos', '2025-08-13', 80),
       (20, 20, 'Find Rare Ingredient', 'Hunt for magical mushrooms', '2025-08-14', 100),
       (21, 21, 'Feast Summon', 'Summon huge meal', '2025-08-15', 100),
       (22, 22, 'Vegeta Drills', 'Gravity push-ups', '2025-08-16', 90),
       (23, 23, 'Chamber Endurance', 'Survive 2 hours', '2025-08-17', 100),
       (24, 24, 'Reality Explanation', 'Essay on haruhi powers', '2025-08-18', 100),
       (25, 25, 'Chaos Summon', 'Perform minor warp', '2025-08-19', 100),
       (26, 29, 'Draft Task1', 'Not final assignment', '2025-08-20', 60),
       (27, 30, 'Draft Task2', 'Also not final', '2025-08-21', 70),
       (28, 26, 'Archived HW1', 'Old leftover', '2025-07-01', 50),
       (29, 27, 'Archived HW2', 'Outdated practice', '2025-07-02', 50),
       (30, 28, 'Archived HW3', 'Even older', '2025-07-03', 40),
       (31, 16, 'Reiki Final Challenge', 'Use advanced reiki wave', NULL, 150),
       (32, 17, 'Combo Wave Redux', 'Refine wave combos again', '2025-08-25', NULL),
       (33, 18, 'Blade Stance 2', 'Another stance approach', '2025-08-26', 40),
       (34, 19, 'Slash Mastery', 'Perfect slash combos', NULL, NULL),
       (35, 20, 'Rare Cook Variation', 'Find new ingredient combos', '2025-08-27', 120),
       (36, 21, 'Feast Summon 2', 'Bigger & better meal', NULL, NULL),
       (37, 22, 'Gravity Crazy', 'Up the gravity to 200G', '2025-08-28', 200),
       (38, 23, 'Chamber Marathon', 'Stay 5 hours inside', NULL, 250),
       (39, 24, 'Essay on Chaos', 'Discuss Haruhi deeper', '2025-08-29', 100),
       (40, 25, 'Minor Warp #3', 'Warp bigger objects', NULL, 110),
       (41, 29, 'Draft Extended #1', 'Explore partial idea', '2025-08-30', NULL),
       (42, 30, 'Draft Extended #2', 'Also partial concept', NULL, 70),
       (43, 26, 'Archived Extra #1', 'Leftover assignment', '2025-07-05', 50),
       (44, 27, 'Archived Extra #2', 'Another leftover', NULL, 45),
       (45, 28, 'Archived Extra #3', 'Third leftover', '2025-07-10', NULL);

INSERT INTO "submissions"
("submission_id", "assignment_id", "student_id", "submitted_date", "content", "score", "feedback", "status")
VALUES (1, 1, 1, '2025-06-12', 'Seals done well', 95, 'Good job', 'submitted'),
       (2, 1, 2, '2025-06-12', 'Seals attempt Luffy', 70, 'Needs improvement', 'submitted'),
       (3, 2, 1, '2025-06-13', 'Chakra essay', 80, 'Decent essay', 'submitted'),
       (4, 3, 3, '2025-06-14', 'Advanced seal done', 90, 'Impressive', 'late'),
       (5, 4, 4, '2025-06-14', 'Bushido reflection', 60, 'Ok', 'submitted'),
       (6, 5, 5, '2025-06-15', 'Blade polish submission', 75, 'Sufficient shine', 'submitted'),
       (7, 6, 6, '2025-06-16', 'Circle drawing partial', NULL, NULL, 'on review'),
       (8, 6, 6, '2025-06-16', 'Second attempt??', NULL, NULL, 'on review'),
       (9, 7, 7, '2025-06-16', 'Intel scenario', 85, 'Good approach', 'submitted'),
       (10, 8, 8, '2025-06-17', 'Hero persona', 95, 'Creative hero', 'submitted'),
       (11, 9, 9, '2025-06-17', 'Rescue mission', 88, 'Well done', 'late'),
       (12, 10, 10, '2025-06-18', 'Spirit negotiation', 40, 'Strange approach', 'submitted'),
       (13, 10, 10, '2025-06-19', 'Second attempt neg', NULL, NULL, 'on review'),
       (14, 11, 11, '2025-06-19', 'Tools usage', 55, 'Average attempt', 'submitted'),
       (15, 12, 12, '2025-06-20', 'Shadow clone skill', NULL, NULL, 'on review'),
       (16, 13, 3, '2025-06-21', 'Philosophical essay', 90, 'Deep thoughts', 'submitted'),
       (17, 14, 4, '2025-06-22', 'Alchemist paper', 95, 'Excellent research', 'late'),
       (18, 15, 5, '2025-06-22', 'Exorcism attempt', 65, 'Some success', 'submitted'),
       (19, 1, 1, '2025-06-12', 'Retry Seals #2', 85, 'Better', 'submitted'),
       (20, 2, 2, '2025-06-13', 'Chakra flow essay #2', 72, 'Ok', 'submitted'),
       (21, 3, 3, '2025-06-14', 'Seal attempt #2', 85, 'Good', 'submitted'),
       (22, 4, 4, '2025-06-14', 'Bushido reflection #2', 66, 'Fine', 'submitted'),
       (23, 5, 5, '2025-06-15', 'Blade polishing #2', 80, 'Better shine', 'submitted'),
       (24, 9, 9, '2025-06-18', 'Rescue mission #2', 90, 'Nice improvement', 'submitted'),
       (25, 2, 1, '2025-06-15', 'Extra essay attempt', NULL, NULL, 'on review'),
       (26, 8, 8, '2025-06-18', 'Hero alt persona', NULL, NULL, 'on review'),
       (27, 3, 1, '2025-06-16', '3rd attempt advanced seal', NULL, NULL, 'late'),
       (28, 5, 2, '2025-06-17', '2nd blade polishing', 70, 'Meh', 'submitted'),
       (29, 14, 4, '2025-06-23', 'Alchemist paper #2', 90, 'Additional references', 'submitted'),
       (30, 15, 5, '2025-06-23', 'Ghouls?? second run', NULL, NULL, 'on review'),
       (31, 16, 16, '2025-08-12', 'Reiki wave attempt #1', 80, 'Pretty good', 'submitted'),
       (32, 16, 16, '2025-08-13', 'Reiki wave attempt #2', NULL, NULL, 'on review'),
       (33, 17, 17, '2025-08-14', 'Combo wave v1', NULL, NULL, 'on review'),
       (34, 17, 17, '2025-08-15', 'Combo wave v2', 85, 'Improved', 'submitted'),
       (35, 18, 18, '2025-08-16', 'Stance essay', 90, 'Good detail', 'submitted'),
       (36, 19, 19, '2025-08-17', 'Slash combo demo', 100, 'Perfect slash', 'submitted'),
       (37, 20, 20, '2025-08-18', 'Found rare mushroom', NULL, NULL, 'late'),
       (38, 20, 20, '2025-08-19', 'Second attempt mushrooms', 90, 'Better result', 'submitted'),
       (39, 21, 21, '2025-08-20', 'Feast summoning', NULL, NULL, 'on review'),
       (40, 22, 22, '2025-08-21', 'Vegeta push-ups', 75, 'Not bad', 'submitted'),
       (41, 23, 23, '2025-08-22', 'Endurance test', NULL, NULL, 'late'),
       (42, 24, 24, '2025-08-23', 'Essay on Haruhi', 95, 'Impressive', 'submitted'),
       (43, 25, 25, '2025-08-24', 'Minor warp #1', 0, 'You late buddy', 'late'),
       (44, 25, 25, '2025-08-25', 'Minor warp #2', 88, 'Warp success', 'submitted'),
       (45, 26, 26, '2025-08-26', 'Draft solution', NULL, NULL, 'on review'),
       (46, 27, 27, '2025-08-27', 'Draft solution 2', 60, 'Ok attempt', 'submitted'),
       (47, 28, 28, '2025-07-02', 'Archived attempt 1', NULL, NULL, 'late'),
       (48, 28, 28, '2025-07-03', 'Archived attempt 2', 50, 'Old but done', 'submitted'),
       (49, 29, 29, '2025-07-04', 'Outdated practice #1', NULL, NULL, 'on review'),
       (50, 30, 30, '2025-07-05', 'Even older stuff #1', NULL, NULL, 'late'),
       (51, 20, 21, '2025-08-18', 'Misty found mushrooms', 78, 'Decent gather', 'submitted'),
       (52, 20, 21, '2025-08-19', 'Second attempt for Misty', NULL, NULL, 'on review'),
       (53, 16, 17, '2025-08-20', 'Genos reiki wave #1', NULL, NULL, 'submitted'),
       (54, 16, 17, '2025-08-21', 'Genos reiki wave #2', NULL, NULL, 'late'),
       (55, 22, 23, '2025-08-22', 'Gravity push-ups again', 85, 'Saiyan-like', 'submitted'),
       (56, 23, 22, '2025-08-23', 'Endure 2 hours', 90, 'You did well', 'submitted'),
       (57, 24, 28, '2025-08-24', 'Essay on Haruhi alt', NULL, NULL, 'on review'),
       (58, 25, 29, '2025-08-25', 'Minor warp #X', NULL, NULL, 'late'),
       (59, 26, 27, '2025-08-26', 'Draft sol v3', NULL, NULL, 'on review'),
       (60, 27, 30, '2025-08-27', 'Another draft2 attempt', 70, 'Ok', 'submitted'),
       (61, 31, 16, '2025-08-24', 'Reiki Final Attempt #1', NULL, NULL, 'on review'),
       (62, 31, 16, '2025-08-25', 'Reiki Final Attempt #2', 140, 'Great wave', 'submitted'),
       (63, 32, 17, '2025-08-26', 'Refine combo wave #1', NULL, NULL, 'on review'),
       (64, 32, 17, '2025-08-27', 'Refine combo wave #2', NULL, NULL, 'late'),
       (65, 33, 18, '2025-08-28', 'Blade stance alt approach', 38, 'Almost perfect', 'submitted'),
       (66, 34, 19, '2025-08-29', 'Slash mastery partial', NULL, NULL, 'on review'),
       (67, 35, 20, '2025-08-30', 'Ingredient combos attempt', 110, 'Nice variety', 'submitted'),
       (68, 36, 21, '2025-08-31', 'Feast Summon bigger', NULL, NULL, 'on review'),
       (69, 36, 21, '2025-09-01', 'Feast Summon final', NULL, 'Still not graded', 'late'),
       (70, 37, 22, '2025-09-02', '200G push-ups #1', 180, 'Impressive', 'submitted'),
       (71, 37, 22, '2025-09-03', '200G push-ups #2', NULL, NULL, 'on review'),
       (72, 38, 23, '2025-09-04', 'Chamber Marathon start', NULL, NULL, 'on review'),
       (73, 39, 24, '2025-09-05', 'Essay on chaos #1', NULL, NULL, 'on review'),
       (74, 39, 24, '2025-09-06', 'Essay on chaos #2', 95, 'Well structured', 'submitted'),
       (75, 40, 25, '2025-09-07', 'Warp bigger objects #1', NULL, NULL, 'late'),
       (76, 40, 25, '2025-09-08', 'Warp bigger objects #2', 105, 'Very interesting', 'submitted'),
       (77, 41, 29, '2025-09-09', 'Draft Extended attempt', NULL, NULL, 'on review'),
       (78, 42, 30, '2025-09-10', 'Draft Extended #2 attempt', 65, 'Decent', 'submitted'),
       (79, 43, 27, '2025-07-06', 'Leftover sub #1', NULL, NULL, 'late'),
       (80, 44, 28, '2025-07-07', 'Another leftover #1', 40, 'Minimal', 'submitted'),
       (81, 45, 28, '2025-07-11', 'Third leftover #1', NULL, NULL, 'on review'),
       (82, 31, 16, '2025-08-26', 'Reiki final #3', 145, 'Better wave', 'submitted'),
       (83, 32, 17, '2025-08-28', 'Refine combo wave #3', NULL, NULL, 'submitted'),
       (84, 33, 18, '2025-08-29', 'Stance alt #2', 39, 'Slight improvement', 'submitted'),
       (85, 36, 21, '2025-09-02', 'Feast Summon triple', NULL, NULL, 'on review'),
       (86, 37, 22, '2025-09-04', '200G #3??', NULL, NULL, 'on review'),
       (87, 39, 24, '2025-09-07', 'Essay chaos #3', 99, 'Excellent expansion', 'submitted'),
       (88, 40, 25, '2025-09-09', 'Warp #3??', NULL, NULL, 'late'),
       (89, 42, 30, '2025-09-11', 'Draft #2 attempt #2', 70, 'Slightly better', 'submitted'),
       (90, 45, 28, '2025-07-12', 'Third leftover #2??', NULL, NULL, 'on review');
